CaratSize,Clarity,Price
0.3,3 VVS,1000
0.44,2 VS,1000
0.31,3 VVS,1000
0.66,1 SI,1000
0.47,2 VS,1000
0.4,2 VS,1000
0.36,2 VS,1000
0.52,1 SI,1000
0.53,1 SI,1001
0.43,2 VS,1001
0.43,2 VS,1001
0.43,2 VS,1001
0.3,3 VVS,1001
0.47,2 VS,1001
0.41,2 VS,1001
0.44,1 SI,1001
0.36,3 VVS,1001
0.4,2 VS,1001
0.4,2 VS,1001
0.32,4 F,1002
0.5,1 SI,1002
0.5,1 SI,1002
0.36,2 VS,1002
0.44,2 VS,1002
0.31,3 VVS,1002
0.45,2 VS,1017
0.51,1 SI,1017
0.3,3 VVS,1017
0.51,1 SI,1017
0.41,2 VS,1018
0.31,3 VVS,1018
0.31,3 VVS,1018
0.31,3 VVS,1018
0.31,3 VVS,1018
0.31,3 VVS,1018
0.31,3 VVS,1018
0.31,3 VVS,1018
0.31,3 VVS,1018
0.4,3 VVS,1018
0.31,4 F,1018
0.31,4 F,1018
0.42,3 VVS,1019
0.33,3 VVS,1019
0.37,3 VVS,1019
0.45,3 VVS,1019
0.4,2 VS,1019
0.4,2 VS,1019
0.32,3 VVS,1019
0.32,3 VVS,1019
0.37,3 VVS,1019
0.33,3 VVS,1036
0.33,3 VVS,1036
0.37,3 VVS,1037
0.37,3 VVS,1037
0.43,2 VS,1037
0.43,2 VS,1037
0.43,2 VS,1037
0.43,2 VS,1037
0.43,2 VS,1037
0.34,3 VVS,1037
0.37,3 VVS,1037
0.37,3 VVS,1037
0.5,1 SI,1037
0.33,3 VVS,1037
0.57,2 VS,1037
0.4,3 VVS,1037
0.4,3 VVS,1037
0.4,3 VVS,1037
0.4,3 VVS,1037
0.44,2 VS,1037
0.31,3 VVS,1037
0.31,3 VVS,1037
0.31,3 VVS,1037
0.4,2 VS,1037
0.4,2 VS,1037
0.32,3 VVS,1053
0.32,3 VVS,1053
0.4,3 VVS,1053
0.48,2 VS,1053
0.33,3 VVS,1053
0.38,2 VS,1054
0.32,4 F,1054
0.31,4 F,1054
0.53,1 SI,1054
0.42,2 VS,1054
0.42,2 VS,1054
0.34,4 F,1054
0.36,3 VVS,1054
0.51,2 VS,1054
0.34,3 VVS,1054
0.33,3 VVS,1054
0.33,3 VVS,1055
0.4,2 VS,1055
0.4,2 VS,1055
0.4,2 VS,1055
0.41,2 VS,1055
0.41,2 VS,1055
0.37,2 VS,1055
0.4,4 F,1055
0.37,3 VVS,1055
0.38,2 VS,1076
0.45,2 VS,1076
0.5,1 SI,1076
0.5,1 SI,1076
0.5,1 SI,1076
0.42,2 VS,1076
0.42,2 VS,1076
0.5,1 SI,1076
0.5,1 SI,1076
0.62,2 VS,1076
0.5,2 VS,1076
0.39,3 VVS,1076
0.39,3 VVS,1076
0.37,3 VVS,1077
0.37,2 VS,1077
0.37,2 VS,1077
0.54,1 SI,1077
0.46,2 VS,1077
0.57,2 VS,1077
0.36,3 VVS,1077
0.38,2 VS,1078
0.34,4 F,1078
0.31,3 VVS,1078
0.52,1 SI,1078
0.5,2 VS,1078
0.44,3 VVS,1099
0.35,4 F,1099
0.35,3 VVS,1099
0.55,1 SI,1099
0.32,4 F,1100
0.32,4 F,1100
0.33,3 VVS,1100
0.46,2 VS,1100
0.42,3 VVS,1100
0.44,2 VS,1100
0.5,1 SI,1101
0.4,3 VVS,1101
0.39,4 F,1101
0.62,2 VS,1101
0.3,4 F,1101
0.43,2 VS,1102
0.4,2 VS,1102
0.4,2 VS,1102
0.4,2 VS,1102
0.64,1 SI,1102
0.4,2 VS,1102
0.4,2 VS,1102
0.4,2 VS,1102
0.4,2 VS,1102
0.4,2 VS,1102
0.57,1 SI,1129
0.57,1 SI,1129
0.57,1 SI,1129
0.36,3 VVS,1129
0.4,2 VS,1129
0.34,4 F,1129
0.54,1 SI,1129
0.51,1 SI,1129
0.45,2 VS,1129
0.34,4 F,1129
0.34,3 VVS,1129
0.4,3 VVS,1130
0.4,3 VVS,1130
0.41,2 VS,1130
0.41,2 VS,1130
0.41,2 VS,1130
0.41,2 VS,1130
0.41,2 VS,1130
0.41,2 VS,1130
0.41,2 VS,1130
0.41,2 VS,1130
0.41,2 VS,1130
0.41,3 VVS,1130
0.41,2 VS,1130
0.41,2 VS,1130
0.41,3 VVS,1154
0.38,4 F,1154
0.38,4 F,1154
0.41,3 VVS,1154
0.41,3 VVS,1154
0.41,4 F,1154
0.41,3 VVS,1154
0.41,3 VVS,1154
0.41,3 VVS,1154
0.32,4 F,1155
0.32,4 F,1155
0.42,2 VS,1155
0.54,1 SI,1155
0.54,2 VS,1155
0.61,2 VS,1155
0.41,2 VS,1155
0.5,1 SI,1156
0.5,1 SI,1156
0.5,1 SI,1156
0.51,1 SI,1156
0.35,4 F,1156
0.45,3 VVS,1156
0.4,3 VVS,1156
0.4,3 VVS,1156
0.4,3 VVS,1156
0.4,3 VVS,1171
0.3,4 F,1171
0.3,4 F,1171
0.3,4 F,1171
0.5,2 VS,1171
0.51,1 SI,1172
0.51,2 VS,1172
0.51,1 SI,1172
0.51,1 SI,1172
0.51,2 VS,1172
0.52,1 SI,1172
0.45,3 VVS,1172
0.52,1 SI,1172
0.47,3 VVS,1172
0.47,2 VS,1172
0.4,2 VS,1173
0.37,4 F,1173
0.53,1 SI,1173
0.33,4 F,1173
0.51,1 SI,1173
0.38,4 F,1173
0.47,3 VVS,1174
0.35,4 F,1174
0.35,4 F,1174
0.44,3 VVS,1174
0.31,4 F,1193
0.6,2 VS,1193
0.42,3 VVS,1193
0.42,3 VVS,1193
0.42,3 VVS,1193
0.42,3 VVS,1193
0.42,3 VVS,1193
0.5,2 VS,1194
0.53,2 VS,1194
0.5,1 SI,1194
0.44,3 VVS,1194
0.53,1 SI,1194
0.5,2 VS,1194
0.4,2 VS,1194
0.43,2 VS,1194
0.42,2 VS,1194
0.52,1 SI,1194
0.35,3 VVS,1195
0.35,3 VVS,1195
0.51,2 VS,1195
0.51,2 VS,1195
0.51,1 SI,1195
0.51,1 SI,1195
0.55,2 VS,1195
0.41,3 VVS,1195
0.33,4 F,1215
0.56,1 SI,1215
0.6,1 SI,1215
0.4,3 VVS,1215
0.4,3 VVS,1215
0.4,3 VVS,1215
0.4,3 VVS,1215
0.4,4 F,1215
0.4,3 VVS,1215
0.52,1 SI,1215
0.4,3 VVS,1215
0.4,3 VVS,1215
0.4,3 VVS,1215
0.4,3 VVS,1215
0.4,3 VVS,1215
0.65,2 VS,1215
0.4,3 VVS,1215
0.4,3 VVS,1215
0.4,3 VVS,1215
0.43,2 VS,1215
0.44,2 VS,1216
0.41,4 F,1216
0.4,2 VS,1216
0.4,3 VVS,1216
0.4,3 VVS,1216
0.42,3 VVS,1237
0.38,3 VVS,1237
0.62,2 VS,1237
0.38,3 VVS,1237
0.42,2 VS,1238
0.54,1 SI,1238
0.4,3 VVS,1238
0.4,3 VVS,1239
0.4,3 VVS,1239
0.4,3 VVS,1239
0.47,2 VS,1239
0.44,3 VVS,1239
0.56,1 SI,1239
0.4,3 VVS,1239
0.61,1 SI,1239
0.41,3 VVS,1239
0.54,1 SI,1239
0.5,3 VVS,1239
0.6,2 VS,1239
0.57,1 SI,1240
0.58,1 SI,1240
0.49,2 VS,1240
0.43,3 VVS,1240
0.61,2 VS,1240
0.5,1 SI,1240
0.41,3 VVS,1269
0.4,3 VVS,1269
0.45,3 VVS,1270
0.45,3 VVS,1270
0.45,3 VVS,1270
0.45,3 VVS,1270
0.33,4 F,1270
0.38,3 VVS,1270
0.38,3 VVS,1270
0.37,3 VVS,1270
0.46,2 VS,1270
0.39,3 VVS,1270
0.71,2 VS,1271
0.52,1 SI,1271
0.58,1 SI,1271
0.58,1 SI,1271
0.53,1 SI,1272
0.35,4 F,1272
0.37,4 F,1272
0.41,3 VVS,1272
0.51,2 VS,1273
0.51,2 VS,1273
0.39,3 VVS,1273
0.47,3 VVS,1273
0.56,1 SI,1273
0.51,2 VS,1302
0.6,2 VS,1302
0.72,2 VS,1303
0.52,1 SI,1303
0.5,1 SI,1303
0.41,4 F,1303
0.5,1 SI,1303
0.42,3 VVS,1303
0.39,4 F,1304
0.61,1 SI,1304
0.61,1 SI,1304
0.58,1 SI,1304
0.43,4 F,1304
0.43,3 VVS,1304
0.43,3 VVS,1304
0.43,3 VVS,1304
0.5,2 VS,1304
0.4,3 VVS,1304
0.4,4 F,1304
0.4,4 F,1304
0.4,3 VVS,1304
0.4,3 VVS,1304
0.4,3 VVS,1304
0.4,3 VVS,1304
0.5,1 SI,1305
0.4,3 VVS,1334
0.4,3 VVS,1334
0.4,3 VVS,1334
0.5,2 VS,1334
0.7,1 SI,1334
0.47,2 VS,1334
0.44,3 VVS,1334
0.5,4 F,1334
0.39,4 F,1335
0.49,2 VS,1335
0.53,1 SI,1335
0.6,3 VVS,1335
0.6,2 VS,1335
0.47,2 VS,1336
0.54,1 SI,1336
0.7,2 VS,1336
0.54,1 SI,1336
0.43,3 VVS,1336
0.43,3 VVS,1336
0.71,2 VS,1336
0.64,1 SI,1336
0.56,1 SI,1336
0.56,1 SI,1336
0.56,1 SI,1336
0.5,1 SI,1336
0.5,3 VVS,1366
0.6,2 VS,1367
0.38,4 F,1367
0.5,3 VVS,1367
0.41,3 VVS,1367
0.53,2 VS,1367
0.42,4 F,1367
0.42,4 F,1367
0.43,3 VVS,1368
0.61,1 SI,1368
0.4,2 VS,1368
0.5,2 VS,1368
0.6,1 SI,1368
0.6,1 SI,1368
0.6,1 SI,1368
0.6,1 SI,1368
0.6,1 SI,1368
0.6,1 SI,1368
0.45,2 VS,1368
0.51,2 VS,1368
0.5,1 SI,1368
0.5,2 VS,1368
0.51,2 VS,1369
0.4,3 VVS,1369
0.44,4 F,1369
0.47,3 VVS,1400
0.54,2 VS,1400
0.7,1 SI,1400
0.7,2 VS,1400
0.54,2 VS,1400
0.7,1 SI,1400
0.7,1 SI,1400
0.7,1 SI,1400
0.7,1 SI,1400
0.7,1 SI,1400
0.7,1 SI,1400
0.7,1 SI,1400
0.7,1 SI,1400
0.7,1 SI,1400
0.7,1 SI,1400
0.7,1 SI,1400
0.42,3 VVS,1400
0.42,3 VVS,1400
0.7,1 SI,1401
0.6,2 VS,1401
0.42,3 VVS,1401
0.38,4 F,1401
0.4,3 VVS,1401
0.42,3 VVS,1402
0.53,2 VS,1402
0.73,2 VS,1434
0.41,4 F,1434
0.48,2 VS,1434
0.43,2 VS,1434
0.43,3 VVS,1434
0.5,3 VVS,1434
0.5,2 VS,1434
0.5,2 VS,1434
0.41,3 VVS,1435
0.43,3 VVS,1435
0.58,1 SI,1435
0.58,1 SI,1435
0.58,1 SI,1435
0.64,1 SI,1435
0.5,2 VS,1436
0.73,1 SI,1436
0.73,1 SI,1436
0.7,2 VS,1436
0.45,4 F,1436
0.51,1 SI,1436
0.7,2 VS,1436
0.72,1 SI,1436
0.5,2 VS,1436
0.72,1 SI,1436
0.72,1 SI,1436
0.58,2 VS,1471
0.43,3 VVS,1471
0.72,1 SI,1471
0.5,2 VS,1472
0.5,2 VS,1472
0.5,2 VS,1472
0.52,1 SI,1472
0.5,2 VS,1472
0.5,2 VS,1472
0.5,2 VS,1472
0.41,4 F,1472
0.41,4 F,1472
0.41,4 F,1472
0.4,3 VVS,1473
0.43,4 F,1473
0.44,3 VVS,1473
0.72,1 SI,1473
0.71,2 VS,1473
0.51,2 VS,1473
0.73,1 SI,1473
0.74,2 VS,1473
0.52,2 VS,1474
0.42,3 VVS,1475
0.42,4 F,1475
0.42,3 VVS,1475
0.6,1 SI,1507
0.75,2 VS,1507
0.42,4 F,1507
0.5,2 VS,1508
0.5,2 VS,1508
0.5,2 VS,1508
0.5,2 VS,1508
0.56,2 VS,1508
0.5,3 VVS,1508
0.5,2 VS,1508
0.52,2 VS,1508
0.5,2 VS,1508
0.5,2 VS,1508
0.54,2 VS,1508
0.7,1 SI,1508
0.63,1 SI,1508
0.7,1 SI,1508
0.54,2 VS,1508
0.45,4 F,1508
0.54,2 VS,1508
0.54,2 VS,1508
0.45,4 F,1508
0.7,1 SI,1508
0.54,2 VS,1508
0.7,1 SI,1508
0.5,2 VS,1553
0.42,3 VVS,1553
0.42,3 VVS,1553
0.5,2 VS,1553
0.75,2 VS,1553
0.43,3 VVS,1554
0.51,2 VS,1554
0.7,1 SI,1554
0.7,1 SI,1554
0.7,1 SI,1554
0.71,1 SI,1555
0.71,1 SI,1555
0.73,1 SI,1555
0.65,2 VS,1555
0.55,1 SI,1555
0.4,3 VVS,1556
0.4,3 VVS,1556
0.5,2 VS,1556
0.5,2 VS,1556
0.5,2 VS,1556
0.6,1 SI,1556
0.65,1 SI,1556
0.52,2 VS,1556
0.5,2 VS,1556
0.52,2 VS,1556
0.59,1 SI,1591
0.59,2 VS,1591
0.55,2 VS,1591
0.62,1 SI,1591
0.56,2 VS,1592
0.71,1 SI,1592
0.7,2 VS,1592
0.7,2 VS,1592
0.57,2 VS,1592
0.57,2 VS,1592
0.57,2 VS,1592
0.57,2 VS,1592
0.57,2 VS,1592
0.53,2 VS,1592
0.51,3 VVS,1592
0.5,2 VS,1593
0.5,2 VS,1593
0.7,1 SI,1594
0.5,2 VS,1594
0.48,4 F,1594
0.7,1 SI,1594
0.7,1 SI,1594
0.7,1 SI,1594
0.7,1 SI,1594
0.7,1 SI,1594
0.62,1 SI,1626
0.54,2 VS,1626
0.7,1 SI,1627
0.72,1 SI,1627
0.8,1 SI,1627
0.5,2 VS,1627
0.5,2 VS,1627
0.5,2 VS,1628
0.51,2 VS,1628
0.51,2 VS,1628
0.5,2 VS,1628
0.47,3 VVS,1628
0.71,2 VS,1629
0.52,4 F,1629
0.52,3 VVS,1629
0.52,3 VVS,1629
0.52,3 VVS,1629
0.62,2 VS,1629
0.62,1 SI,1629
0.56,2 VS,1629
0.64,1 SI,1630
0.7,2 VS,1630
0.63,1 SI,1630
0.7,1 SI,1630
0.5,3 VVS,1630
0.57,2 VS,1668
0.38,4 F,1668
0.46,3 VVS,1668
0.72,1 SI,1670
0.72,1 SI,1670
0.61,1 SI,1670
0.78,1 SI,1670
0.56,2 VS,1670
0.55,3 VVS,1670
0.5,2 VS,1671
0.5,2 VS,1671
0.7,1 SI,1671
0.66,1 SI,1671
0.7,1 SI,1671
0.7,1 SI,1671
0.72,2 VS,1672
0.7,1 SI,1672
0.7,1 SI,1672
0.7,1 SI,1672
0.7,1 SI,1672
0.62,1 SI,1672
0.56,2 VS,1673
0.41,4 F,1673
0.52,2 VS,1673
0.7,1 SI,1674
0.56,3 VVS,1709
0.61,2 VS,1709
0.57,2 VS,1710
0.7,1 SI,1710
0.78,1 SI,1710
0.52,2 VS,1710
0.59,1 SI,1710
0.56,2 VS,1711
0.56,2 VS,1711
0.56,2 VS,1711
0.51,2 VS,1711
0.5,2 VS,1712
0.49,3 VVS,1712
0.76,1 SI,1712
0.71,3 VVS,1712
0.58,2 VS,1713
0.62,1 SI,1713
0.56,2 VS,1713
0.5,3 VVS,1715
0.71,2 VS,1715
0.53,3 VVS,1715
0.75,1 SI,1715
0.71,1 SI,1715
0.71,1 SI,1715
0.71,1 SI,1715
0.71,1 SI,1751
0.62,1 SI,1752
0.62,1 SI,1752
0.71,2 VS,1752
0.51,2 VS,1752
0.7,1 SI,1752
0.52,2 VS,1752
0.58,2 VS,1753
0.74,1 SI,1753
0.51,2 VS,1753
0.54,2 VS,1754
0.5,2 VS,1754
0.5,2 VS,1754
0.55,2 VS,1756
0.5,2 VS,1756
0.5,2 VS,1756
0.72,1 SI,1756
0.58,1 SI,1756
0.71,1 SI,1756
0.71,1 SI,1756
0.52,4 F,1757
0.47,3 VVS,1757
0.59,2 VS,1757
0.72,1 SI,1757
0.72,1 SI,1757
0.73,1 SI,1798
0.64,2 VS,1798
0.82,1 SI,1798
0.8,3 VVS,1798
0.5,2 VS,1798
0.7,1 SI,1799
0.5,2 VS,1799
0.5,3 VVS,1799
0.49,3 VVS,1799
0.7,1 SI,1799
0.7,3 VVS,1800
0.6,1 SI,1800
0.52,2 VS,1800
0.75,1 SI,1800
0.71,1 SI,1800
0.7,1 SI,1800
0.7,1 SI,1800
0.71,1 SI,1800
0.78,1 SI,1801
0.72,3 VVS,1801
0.72,1 SI,1801
0.69,2 VS,1801
0.55,3 VVS,1801
0.53,2 VS,1801
0.53,2 VS,1801
0.5,2 VS,1841
0.7,4 F,1841
0.7,1 SI,1841
0.76,1 SI,1842
0.75,3 VVS,1842
0.83,2 VS,1843
0.54,3 VVS,1843
0.71,1 SI,1843
0.8,1 SI,1843
0.7,1 SI,1844
0.7,1 SI,1844
0.7,1 SI,1844
0.7,1 SI,1844
0.5,3 VVS,1844
0.5,3 VVS,1844
0.63,2 VS,1844
0.53,2 VS,1845
0.53,2 VS,1845
0.53,2 VS,1845
0.6,2 VS,1845
0.7,1 SI,1845
0.52,4 F,1845
0.52,4 F,1845
0.51,2 VS,1845
0.5,3 VVS,1845
0.91,1 SI,1881
0.7,1 SI,1881
0.5,3 VVS,1881
0.77,2 VS,1881
0.53,3 VVS,1881
0.53,3 VVS,1881
0.52,2 VS,1881
0.52,2 VS,1881
0.71,1 SI,1881
0.6,2 VS,1881
0.6,2 VS,1881
0.7,1 SI,1882
0.72,1 SI,1882
0.71,4 F,1882
0.75,1 SI,1882
0.7,1 SI,1883
0.7,1 SI,1883
0.7,1 SI,1883
0.7,1 SI,1883
0.7,1 SI,1883
0.53,4 F,2001
0.54,4 F,2001
0.54,4 F,2001
0.58,4 F,2001
0.56,3 VVS,2001
0.72,1 SI,2001
0.51,3 VVS,2001
0.74,1 SI,2002
0.77,4 F,2002
0.76,2 VS,2002
0.5,3 VVS,2002
0.5,3 VVS,2002
0.5,3 VVS,2002
0.5,3 VVS,2002
0.5,3 VVS,2002
0.5,3 VVS,2002
0.5,3 VVS,2002
0.5,3 VVS,2002
0.53,3 VVS,2002
0.53,3 VVS,2002
0.74,2 VS,2003
0.51,3 VVS,2003
0.71,1 SI,2003
0.52,3 VVS,2004
0.81,1 SI,2004
0.53,3 VVS,2079
0.71,1 SI,2080
0.83,2 VS,2080
0.73,2 VS,2080
0.73,1 SI,2080
0.72,2 VS,2081
0.6,2 VS,2081
0.9,1 SI,2081
0.71,1 SI,2081
0.72,1 SI,2081
0.71,2 VS,2082
0.7,1 SI,2082
0.5,3 VVS,2082
0.52,3 VVS,2082
0.52,3 VVS,2082
0.72,1 SI,2082
0.5,3 VVS,2083
0.71,1 SI,2083
0.9,2 VS,2083
0.54,3 VVS,2083
0.7,1 SI,2083
0.55,3 VVS,2083
0.7,3 VVS,2083
0.62,2 VS,2083
0.62,2 VS,2083
0.6,3 VVS,2117
0.7,3 VVS,2117
0.75,1 SI,2117
0.7,1 SI,2117
0.8,1 SI,2117
0.73,1 SI,2118
0.73,2 VS,2118
0.73,2 VS,2118
0.72,1 SI,2118
0.5,3 VVS,2118
0.71,1 SI,2118
0.71,1 SI,2118
0.71,1 SI,2118
0.71,2 VS,2118
0.71,2 VS,2118
0.71,2 VS,2118
0.71,1 SI,2118
0.53,3 VVS,2119
0.53,3 VVS,2119
0.53,3 VVS,2119
0.53,3 VVS,2119
0.53,3 VVS,2119
0.71,1 SI,2119
0.71,1 SI,2119
0.71,1 SI,2119
0.51,3 VVS,2156
0.5,3 VVS,2156
0.73,2 VS,2156
0.5,3 VVS,2156
0.5,3 VVS,2156
0.5,3 VVS,2156
0.5,3 VVS,2156
0.5,3 VVS,2156
0.55,2 VS,2156
0.5,4 F,2156
0.5,3 VVS,2156
0.7,2 VS,2156
0.6,2 VS,2156
0.52,4 F,2157
0.71,1 SI,2157
0.71,1 SI,2157
0.73,1 SI,2157
0.72,1 SI,2157
0.6,2 VS,2157
0.62,2 VS,2158
0.8,2 VS,2158
0.73,1 SI,2158
0.54,3 VVS,2159
0.54,3 VVS,2159
0.54,3 VVS,2159
0.72,1 SI,2197
0.9,1 SI,2197
0.5,3 VVS,2198
0.58,2 VS,2199
0.58,2 VS,2199
0.51,3 VVS,2199
0.51,3 VVS,2199
0.55,3 VVS,2199
0.51,3 VVS,2199
0.51,3 VVS,2199
0.51,3 VVS,2199
0.5,3 VVS,2199
0.51,4 F,2199
0.6,2 VS,2199
0.53,3 VVS,2199
0.53,4 F,2200
0.81,1 SI,2200
0.7,2 VS,2200
0.73,1 SI,2200
0.6,3 VVS,2200
0.74,2 VS,2200
0.58,3 VVS,2201
0.7,1 SI,2201
0.6,2 VS,2201
0.71,1 SI,2202
0.91,2 VS,2232
0.55,3 VVS,2232
0.71,1 SI,2233
0.71,1 SI,2233
0.7,2 VS,2233
0.77,1 SI,2233
0.7,1 SI,2233
0.73,1 SI,2233
0.7,2 VS,2234
0.7,1 SI,2234
0.71,1 SI,2234
0.71,1 SI,2234
0.7,1 SI,2234
0.7,2 VS,2234
0.52,3 VVS,2234
0.52,3 VVS,2234
0.77,1 SI,2234
0.7,2 VS,2234
0.7,2 VS,2234
0.7,1 SI,2234
0.7,2 VS,2234
0.7,1 SI,2234
0.7,1 SI,2234
0.57,3 VVS,2235
0.75,1 SI,2236
0.54,3 VVS,2272
0.81,2 VS,2272
0.54,3 VVS,2272
0.81,1 SI,2272
0.64,3 VVS,2273
0.7,3 VVS,2273
0.72,1 SI,2273
0.7,1 SI,2273
0.72,1 SI,2273
0.61,2 VS,2273
0.77,2 VS,2274
0.8,1 SI,2274
0.51,3 VVS,2274
0.71,1 SI,2274
0.71,1 SI,2274
0.72,1 SI,2274
0.73,2 VS,2275
0.52,3 VVS,2275
0.83,1 SI,2276
0.71,2 VS,2276
0.81,2 VS,2276
0.7,1 SI,2276
0.78,2 VS,2276
0.9,1 SI,2277
0.72,1 SI,2277
0.81,1 SI,2313
0.71,1 SI,2314
0.71,1 SI,2314
0.51,3 VVS,2314
0.51,4 F,2314
0.55,3 VVS,2314
0.55,3 VVS,2314
0.51,3 VVS,2314
0.55,3 VVS,2314
0.72,1 SI,2314
0.72,1 SI,2314
0.61,3 VVS,2315
0.5,3 VVS,2315
0.94,2 VS,2316
0.94,2 VS,2316
0.73,1 SI,2316
0.73,1 SI,2316
0.73,1 SI,2316
0.5,3 VVS,2317
0.5,3 VVS,2317
0.5,3 VVS,2317
0.72,3 VVS,2317
0.72,1 SI,2317
0.5,3 VVS,2317
0.5,3 VVS,2317
0.72,1 SI,2359
0.72,1 SI,2359
0.77,1 SI,2359
0.77,1 SI,2359
0.7,2 VS,2359
0.61,3 VVS,2359
0.7,2 VS,2359
0.74,1 SI,2359
0.52,3 VVS,2360
0.52,4 F,2360
0.73,2 VS,2361
0.8,1 SI,2361
0.8,1 SI,2361
0.81,2 VS,2361
0.71,2 VS,2362
0.8,2 VS,2362
0.72,1 SI,2362
0.62,2 VS,2362
0.74,2 VS,2362
0.54,3 VVS,2363
0.65,2 VS,2364
0.8,1 SI,2364
0.8,1 SI,2364
0.72,2 VS,2364
0.7,2 VS,2365
0.81,1 SI,2406
0.9,1 SI,2406
0.54,3 VVS,2406
0.63,3 VVS,2407
0.71,2 VS,2407
0.57,3 VVS,2407
0.71,2 VS,2407
0.91,1 SI,2407
0.53,4 F,2408
0.72,1 SI,2408
0.7,2 VS,2409
0.7,2 VS,2409
0.7,2 VS,2409
0.7,2 VS,2409
0.56,3 VVS,2409
0.56,3 VVS,2409
0.5,3 VVS,2409
0.71,1 SI,2409
0.6,4 F,2409
0.86,2 VS,2409
0.73,1 SI,2409
0.83,1 SI,2409
0.51,4 F,2410
0.51,4 F,2410
0.6,3 VVS,2410
0.7,2 VS,2458
0.7,2 VS,2458
0.7,1 SI,2458
0.73,1 SI,2458
0.93,2 VS,2458
0.79,1 SI,2459
0.56,4 F,2459
0.61,3 VVS,2459
0.61,3 VVS,2459
0.72,2 VS,2459
0.58,3 VVS,2459
0.58,4 F,2460
0.71,3 VVS,2460
0.71,4 F,2460
0.73,4 F,2460
0.71,1 SI,2460
0.7,2 VS,2461
0.7,2 VS,2461
0.72,1 SI,2462
0.78,1 SI,2462
0.78,1 SI,2462
0.7,1 SI,2463
0.67,3 VVS,2464
0.61,3 VVS,2464
0.61,3 VVS,2464
0.71,1 SI,2515
0.8,2 VS,2516
0.57,3 VVS,2516
0.57,3 VVS,2516
0.57,3 VVS,2516
0.72,1 SI,2516
0.7,3 VVS,2516
0.5,3 VVS,2516
0.9,2 VS,2517
0.52,2 VS,2517
0.72,2 VS,2517
0.7,1 SI,2518
0.7,1 SI,2518
0.7,1 SI,2518
0.7,1 SI,2518
0.7,2 VS,2518
0.71,1 SI,2519
0.71,1 SI,2519
0.9,1 SI,2520
0.9,1 SI,2520
0.7,2 VS,2520
0.72,2 VS,2520
0.72,3 VVS,2520
0.75,3 VVS,2520
0.9,1 SI,2520
0.8,2 VS,2575
0.78,1 SI,2576
0.79,1 SI,2576
0.8,1 SI,2576
0.75,2 VS,2576
0.71,1 SI,2577
0.71,1 SI,2577
0.71,1 SI,2577
0.71,1 SI,2577
0.74,1 SI,2579
0.74,1 SI,2579
0.7,2 VS,2579
0.7,2 VS,2579
0.7,2 VS,2580
0.8,1 SI,2580
0.62,3 VVS,2580
0.66,4 F,2580
0.74,1 SI,2580
0.71,1 SI,2580
0.77,1 SI,2581
0.8,1 SI,2581
0.51,4 F,2581
0.75,2 VS,2582
0.91,1 SI,2583
0.72,2 VS,2583
0.9,2 VS,2638
0.56,4 F,2639
0.7,2 VS,2639
0.71,4 F,2639
0.9,1 SI,2639
0.84,1 SI,2640
0.8,2 VS,2640
0.75,1 SI,2640
0.7,3 VVS,2641
0.58,3 VVS,2641
0.58,3 VVS,2641
0.7,2 VS,2642
0.7,2 VS,2642
0.6,3 VVS,2642
0.9,1 SI,2642
0.91,2 VS,2643
0.71,2 VS,2643
0.71,2 VS,2643
0.54,4 F,2643
0.78,2 VS,2644
0.7,2 VS,2645
0.75,1 SI,2645
0.75,1 SI,2645
0.6,3 VVS,2645
0.76,2 VS,2645
0.81,1 SI,2715
0.7,3 VVS,2715
0.74,3 VVS,2715
0.71,2 VS,2716
0.71,2 VS,2716
0.92,1 SI,2716
0.92,1 SI,2716
0.78,2 VS,2717
0.63,3 VVS,2717
0.72,2 VS,2717
0.57,4 F,2717
0.57,4 F,2717
0.83,1 SI,2718
0.82,2 VS,2718
0.58,3 VVS,2718
0.74,1 SI,2718
0.77,1 SI,2719
0.7,2 VS,2720
0.67,3 VVS,2720
0.86,1 SI,2720
0.86,1 SI,2720
0.94,2 VS,2720
0.63,3 VVS,2721
0.51,3 VVS,2721
0.74,2 VS,2721
0.86,3 VVS,2790
0.61,3 VVS,2791
0.61,3 VVS,2791
0.7,2 VS,2791
0.6,3 VVS,2792
0.72,2 VS,2792
0.71,3 VVS,2792
0.7,2 VS,2792
0.91,1 SI,2793
0.77,2 VS,2793
0.78,1 SI,2796
0.73,1 SI,2796
0.91,1 SI,2796
0.9,1 SI,2796
0.7,2 VS,2796
1.02,1 SI,2797
0.65,4 F,2797
0.9,1 SI,2797
0.72,2 VS,2797
0.73,1 SI,2798
0.62,3 VVS,2798
1.01,1 SI,2800
0.78,2 VS,2800
0.7,3 VVS,2800
0.74,2 VS,2801
0.8,2 VS,2869
1.01,2 VS,2870
0.72,2 VS,2870
0.72,2 VS,2870
0.8,2 VS,2871
0.9,2 VS,2871
0.7,3 VVS,2871
0.58,4 F,2871
1,1 SI,2872
0.72,3 VVS,2873
0.9,1 SI,2873
0.94,1 SI,2873
0.91,2 VS,2873
0.85,3 VVS,2873
0.91,1 SI,2874
0.7,3 VVS,2874
0.93,1 SI,2875
0.75,1 SI,2875
0.7,2 VS,2875
0.71,2 VS,2876
0.71,2 VS,2877
0.9,1 SI,2877
0.81,3 VVS,2877
0.8,1 SI,2878
0.9,1 SI,2878
0.94,1 SI,2948
0.84,1 SI,2948
0.9,2 VS,2948
0.73,2 VS,2949
0.6,3 VVS,2949
0.7,2 VS,2949
1.04,1 SI,2951
0.77,3 VVS,2951
0.58,3 VVS,2951
0.62,4 F,2951
0.96,1 SI,2952
1.04,1 SI,2952
0.9,1 SI,2952
0.72,2 VS,2952
0.76,2 VS,2953
0.74,2 VS,2953
0.9,1 SI,2953
0.7,2 VS,2953
0.9,1 SI,2954
0.9,1 SI,2955
0.78,2 VS,2955
0.9,2 VS,2955
0.61,3 VVS,2956
0.7,2 VS,2956
1,1 SI,2956
0.81,2 VS,2994
0.96,1 SI,2994
1.09,1 SI,2995
0.83,3 VVS,2995
0.99,1 SI,2995
0.71,2 VS,2995
0.71,2 VS,2995
0.7,2 VS,2996
1.01,1 SI,2997
1.01,1 SI,2997
0.7,3 VVS,2998
0.67,3 VVS,3000
1.01,1 SI,3000
1.08,1 SI,3001
0.91,1 SI,3001
0.7,3 VVS,3002
0.7,2 VS,3002
1.05,1 SI,3003
1.05,1 SI,3003
1.05,1 SI,3003
0.7,2 VS,3003
0.67,3 VVS,3003
1.01,1 SI,3005
1.01,1 SI,3005
0.72,2 VS,3005
0.96,1 SI,3005
0.94,1 SI,3006
0.64,4 F,3006
0.64,4 F,3006
0.7,2 VS,3006
1.01,2 VS,3006
0.72,2 VS,3006
0.71,2 VS,3007
0.71,3 VVS,3007
0.77,1 SI,3007
0.71,3 VVS,3007
0.9,1 SI,3007
0.81,3 VVS,3007
0.76,3 VVS,3161
0.57,3 VVS,3161
1,1 SI,3161
1.01,1 SI,3162
0.67,3 VVS,3162
0.67,3 VVS,3162
0.9,2 VS,3162
0.71,3 VVS,3163
0.9,1 SI,3164
0.9,1 SI,3164
0.65,3 VVS,3164
0.9,1 SI,3164
0.94,1 SI,3164
0.8,3 VVS,3165
0.72,2 VS,3165
0.91,1 SI,3165
0.73,3 VVS,3165
0.9,1 SI,3166
0.54,4 F,3166
0.81,1 SI,3167
0.71,3 VVS,3167
0.72,3 VVS,3168
0.75,2 VS,3168
0.9,2 VS,3168
0.8,1 SI,3168
0.76,3 VVS,3161
0.57,3 VVS,3161
1,1 SI,3161
1.01,1 SI,3162
0.67,3 VVS,3162
0.67,3 VVS,3162
0.9,2 VS,3162
0.71,3 VVS,3163
0.9,1 SI,3164
0.9,1 SI,3164
0.65,3 VVS,3164
0.9,1 SI,3164
0.94,1 SI,3164
0.8,3 VVS,3165
0.72,2 VS,3165
0.91,1 SI,3165
0.73,3 VVS,3165
0.9,1 SI,3166
0.54,4 F,3166
0.81,1 SI,3167
0.71,3 VVS,3167
0.72,3 VVS,3168
0.75,2 VS,3168
0.9,2 VS,3168
0.8,1 SI,3168
0.58,3 VVS,3334
0.71,3 VVS,3335
0.91,2 VS,3336
0.76,1 SI,3337
0.71,3 VVS,3337
0.74,2 VS,3337
0.7,3 VVS,3337
0.91,1 SI,3338
0.77,3 VVS,3339
0.71,1 SI,3339
0.71,3 VVS,3339
0.99,1 SI,3339
1.01,2 VS,3339
0.74,2 VS,3341
1,1 SI,3341
0.81,2 VS,3341
0.9,1 SI,3341
0.9,3 VVS,3341
0.9,1 SI,3341
0.78,2 VS,3342
0.54,4 F,3342
0.73,3 VVS,3344
0.92,2 VS,3344
0.92,2 VS,3344
0.7,4 F,3344
1.02,1 SI,3427
0.7,3 VVS,3429
0.77,2 VS,3430
0.72,3 VVS,3431
0.75,3 VVS,3431
0.75,3 VVS,3431
0.93,1 SI,3431
0.76,2 VS,3431
1,1 SI,3431
1.04,1 SI,3432
0.8,3 VVS,3432
1.06,1 SI,3433
0.73,3 VVS,3433
0.75,2 VS,3434
0.73,2 VS,3434
1.02,2 VS,3435
0.9,1 SI,3437
1.24,1 SI,3437
0.72,3 VVS,3437
0.72,3 VVS,3437
0.93,2 VS,3437
0.62,3 VVS,3437
0.9,1 SI,3438
1.01,1 SI,3440
1.01,1 SI,3440
0.9,3 VVS,3519
0.9,3 VVS,3519
0.8,2 VS,3520
0.9,1 SI,3521
1.04,1 SI,3521
0.92,1 SI,3522
0.66,4 F,3523
0.7,3 VVS,3523
1.01,1 SI,3523
0.91,1 SI,3524
0.92,1 SI,3524
0.83,3 VVS,3524
0.72,3 VVS,3525
0.72,4 F,3525
1.01,2 VS,3525
0.71,3 VVS,3525
0.55,4 F,3527
0.71,2 VS,3527
0.9,3 VVS,3528
0.9,1 SI,3528
0.9,1 SI,3528
0.91,1 SI,3529
0.92,1 SI,3529
0.9,1 SI,3529
0.9,1 SI,3529
0.64,3 VVS,3600
1.12,2 VS,3600
0.9,1 SI,3600
0.96,1 SI,3601
1.06,1 SI,3601
1.06,1 SI,3601
1.01,1 SI,3602
0.9,2 VS,3604
0.91,2 VS,3604
0.9,2 VS,3604
0.65,3 VVS,3604
0.9,2 VS,3604
0.9,2 VS,3604
0.9,2 VS,3604
0.9,2 VS,3604
0.9,2 VS,3604
0.9,2 VS,3604
0.9,2 VS,3604
0.9,2 VS,3604
1.17,1 SI,3604
0.9,1 SI,3604
0.9,4 F,3604
0.78,2 VS,3605
0.9,1 SI,3605
0.9,1 SI,3605
0.9,1 SI,3675
0.76,2 VS,3675
0.62,3 VVS,3676
0.62,3 VVS,3676
1.01,1 SI,3676
0.91,2 VS,3677
0.91,2 VS,3677
1.01,2 VS,3677
0.76,1 SI,3678
1,1 SI,3679
1.01,1 SI,3680
1.01,1 SI,3680
1,2 VS,3680
0.71,3 VVS,3680
1,1 SI,3680
1.17,1 SI,3681
1.02,1 SI,3681
1.03,1 SI,3681
0.74,3 VVS,3682
0.9,1 SI,3683
0.9,1 SI,3683
0.9,1 SI,3683
0.9,1 SI,3683
0.9,1 SI,3683
0.7,3 VVS,3683
1.04,2 VS,3751
1,2 VS,3752
0.9,2 VS,3752
1.23,2 VS,3752
0.9,1 SI,3752
0.9,1 SI,3752
0.9,1 SI,3752
0.9,1 SI,3752
0.9,1 SI,3752
1.03,1 SI,3752
0.9,1 SI,3753
0.7,4 F,3754
1.06,1 SI,3755
1,1 SI,3755
1.01,1 SI,3756
0.7,3 VVS,3756
0.7,2 VS,3756
1.04,1 SI,3756
1.01,3 VVS,3757
0.69,3 VVS,3757
0.73,3 VVS,3757
0.73,3 VVS,3757
0.73,3 VVS,3757
0.56,4 F,3758
1.01,1 SI,3758
1.01,1 SI,3827
1.01,1 SI,3827
0.91,1 SI,3828
0.59,4 F,3828
1,1 SI,3828
1,1 SI,3828
1.05,1 SI,3829
1.05,1 SI,3829
0.91,1 SI,3829
0.91,1 SI,3829
1.05,1 SI,3829
1.03,1 SI,3830
0.95,1 SI,3830
0.83,2 VS,3830
0.7,3 VVS,3830
0.9,1 SI,3830
1.08,1 SI,3831
0.91,1 SI,3832
1.01,1 SI,3832
1.01,1 SI,3832
1.01,1 SI,3833
1.01,1 SI,3833
1.01,1 SI,3833
1.01,1 SI,3833
1.01,1 SI,3833
1.01,1 SI,3903
1.01,1 SI,3903
1.01,1 SI,3903
0.91,2 VS,3903
1.03,1 SI,3903
1.03,2 VS,3903
0.91,2 VS,3904
0.91,2 VS,3904
0.83,2 VS,3904
1,1 SI,3905
0.9,3 VVS,3905
0.9,1 SI,3905
0.8,2 VS,3907
0.82,3 VVS,3907
1.18,1 SI,3907
1.2,1 SI,3907
0.74,2 VS,3908
1.12,2 VS,3909
1.03,1 SI,3909
1.03,1 SI,3909
1.03,1 SI,3909
1.03,1 SI,3909
1.03,1 SI,3909
1.03,1 SI,3909
1.03,1 SI,3909
1.09,1 SI,3975
1.09,1 SI,3975
1.09,1 SI,3975
0.9,2 VS,3975
0.91,2 VS,3975
0.91,2 VS,3975
0.91,2 VS,3975
1.02,1 SI,3976
0.9,2 VS,3976
1.01,1 SI,3976
1.37,1 SI,3977
1.01,2 VS,3977
0.76,3 VVS,3978
0.95,1 SI,3979
0.9,1 SI,3980
1.03,1 SI,3980
1.03,1 SI,3980
1.03,1 SI,3980
0.8,3 VVS,3980
0.84,3 VVS,3980
0.74,3 VVS,3980
0.9,2 VS,3981
0.94,3 VVS,3981
1.16,2 VS,3981
1.03,1 SI,3981
1.01,1 SI,3993
0.91,3 VVS,3994
1.23,2 VS,3994
1.01,1 SI,3995
0.7,3 VVS,3995
0.91,1 SI,3995
1.06,2 VS,3996
1.05,1 SI,3997
1.03,1 SI,3997
0.95,1 SI,3997
1.03,1 SI,3997
1.21,1 SI,3998
0.7,3 VVS,3998
0.7,3 VVS,3998
1.02,1 SI,3998
1.04,1 SI,3999
1.01,1 SI,4000
1.01,2 VS,4000
1.01,2 VS,4000
1.01,2 VS,4000
1.01,2 VS,4000
1.01,3 VVS,4000
1.01,2 VS,4000
1.01,1 SI,4000
0.72,3 VVS,4001
1.09,1 SI,4001
1.17,1 SI,4001
1.05,1 SI,4001
1.04,1 SI,4002
0.96,1 SI,4002
1.13,1 SI,4002
1.09,3 VVS,4003
1.11,1 SI,4003
0.8,4 F,4003
0.8,3 VVS,4003
1,1 SI,4004
1,1 SI,4004
1,1 SI,4004
1,1 SI,4004
1,1 SI,4004
0.91,1 SI,4006
0.97,1 SI,4007
1.01,1 SI,4007
1.01,1 SI,4007
1.01,1 SI,4007
1.01,1 SI,4007
1.01,1 SI,4007
1.01,1 SI,4007
0.92,1 SI,4008
0.9,1 SI,4067
1.03,1 SI,4067
1.02,1 SI,4067
1.01,1 SI,4068
1.21,1 SI,4069
1,1 SI,4070
1.01,1 SI,4071
1.01,1 SI,4072
1.01,1 SI,4072
1.01,1 SI,4072
1.01,1 SI,4072
1.01,2 VS,4072
0.91,2 VS,4073
0.91,1 SI,4073
1.2,2 VS,4074
1.03,1 SI,4074
1,2 VS,4074
1,1 SI,4076
1.02,1 SI,4076
1,1 SI,4077
1,1 SI,4077
1,1 SI,4077
1.01,2 VS,4077
1.01,1 SI,4077
1.01,1 SI,4077
0.9,1 SI,4135
1,1 SI,4135
1.11,1 SI,4136
1.13,1 SI,4136
1.01,1 SI,4136
0.76,4 F,4136
1.09,1 SI,4137
1.1,1 SI,4137
1.09,1 SI,4137
0.9,2 VS,4137
0.9,2 VS,4137
0.91,1 SI,4137
0.66,3 VVS,4138
1.04,1 SI,4138
0.91,1 SI,4138
0.57,4 F,4139
0.77,3 VVS,4139
1.03,1 SI,4139
1.02,1 SI,4139
1.12,2 VS,4140
1.1,2 VS,4140
1,2 VS,4140
1.01,1 SI,4140
1.01,1 SI,4140
1.01,1 SI,4140
0.72,3 VVS,4204
0.91,2 VS,4204
1.05,1 SI,4204
0.91,2 VS,4204
0.91,2 VS,4204
0.81,3 VVS,4205
0.81,3 VVS,4205
1.06,1 SI,4205
0.8,2 VS,4205
1,1 SI,4206
1.06,1 SI,4206
1.11,2 VS,4206
1.11,1 SI,4206
1.11,1 SI,4206
1.08,1 SI,4207
1.26,1 SI,4207
0.9,2 VS,4208
1,1 SI,4208
1.06,2 VS,4208
1.07,1 SI,4208
0.9,1 SI,4208
1.04,1 SI,4210
0.92,2 VS,4210
1.01,1 SI,4211
1.01,1 SI,4211
0.93,1 SI,4273
0.59,4 F,4273
1,1 SI,4273
1.04,1 SI,4273
1.05,2 VS,4273
1.14,1 SI,4275
0.75,2 VS,4275
1,1 SI,4275
1.07,1 SI,4275
0.9,1 SI,4275
0.9,1 SI,4275
1.15,3 VVS,4276
1.06,1 SI,4276
0.92,2 VS,4276
1.08,3 VVS,4277
0.9,2 VS,4277
1.08,2 VS,4277
1.01,1 SI,4277
1.01,2 VS,4277
1.01,2 VS,4277
1.01,2 VS,4277
1.01,2 VS,4277
1.01,1 SI,4277
0.79,3 VVS,4278
1.07,1 SI,4278
0.93,1 SI,4338
0.81,3 VVS,4338
1.06,1 SI,4338
1,1 SI,4338
1.01,1 SI,4338
1.04,1 SI,4339
0.8,2 VS,4339
0.8,2 VS,4339
1.07,1 SI,4339
0.76,3 VVS,4341
0.8,3 VVS,4341
0.8,3 VVS,4341
0.72,4 F,4341
1.08,1 SI,4342
1.07,1 SI,4342
0.97,1 SI,4342
0.94,2 VS,4343
1.16,1 SI,4344
1.16,1 SI,4344
1.03,1 SI,4344
1.01,1 SI,4344
1,1 SI,4345
1.07,1 SI,4345
0.7,4 F,4346
1.14,1 SI,4346
0.7,3 VVS,4413
1.22,1 SI,4415
1.08,1 SI,4415
0.91,4 F,4415
1.05,1 SI,4415
1.05,1 SI,4416
1,2 VS,4416
0.96,1 SI,4416
1.01,1 SI,4416
1.01,2 VS,4416
1.01,2 VS,4416
1.01,2 VS,4416
1.01,1 SI,4416
1.01,1 SI,4416
1.01,1 SI,4416
1,1 SI,4416
1,2 VS,4416
1,1 SI,4417
1,1 SI,4417
1.01,1 SI,4417
1.01,1 SI,4417
1.23,1 SI,4418
1.35,1 SI,4418
1.05,1 SI,4418
1,1 SI,4419
1.08,1 SI,4482
1.01,1 SI,4482
1.06,1 SI,4482
0.82,2 VS,4482
0.77,3 VVS,4483
1.15,2 VS,4483
0.74,3 VVS,4484
0.92,4 F,4484
1.01,4 F,4484
1.03,1 SI,4484
1.03,1 SI,4484
1.12,1 SI,4484
1.1,1 SI,4484
0.9,2 VS,4485
1.11,1 SI,4485
1.23,1 SI,4485
0.9,2 VS,4486
1.03,1 SI,4486
1.03,1 SI,4486
1.03,1 SI,4486
1.03,2 VS,4487
1.03,1 SI,4487
1.02,1 SI,4487
1.06,1 SI,4487
1.07,1 SI,4487
0.8,3 VVS,4550
1.25,1 SI,4550
0.83,3 VVS,4551
0.83,3 VVS,4551
1.04,1 SI,4551
1.01,1 SI,4552
0.9,1 SI,4552
0.9,1 SI,4552
0.9,1 SI,4552
1.06,1 SI,4552
0.96,2 VS,4553
0.71,3 VVS,4553
0.9,2 VS,4553
0.9,2 VS,4553
0.9,2 VS,4553
1.01,1 SI,4553
0.9,1 SI,4554
1,1 SI,4554
1.25,1 SI,4554
1.2,1 SI,4554
1.2,1 SI,4554
1,3 VVS,4554
1,3 VVS,4554
1.02,1 SI,4555
1.02,1 SI,4555
1.03,1 SI,4624
1.04,1 SI,4624
0.91,3 VVS,4625
0.91,2 VS,4625
0.91,2 VS,4625
0.9,2 VS,4625
1.01,1 SI,4625
1,2 VS,4626
1.01,1 SI,4627
1.27,1 SI,4627
0.9,2 VS,4627
0.81,2 VS,4628
1.11,1 SI,4628
1.11,1 SI,4628
1.01,1 SI,4628
1.1,1 SI,4628
1,1 SI,4628
1.01,1 SI,4628
1.11,1 SI,4628
0.9,1 SI,4629
0.75,4 F,4629
1.07,1 SI,4629
0.74,4 F,4629
0.91,1 SI,4630
1,1 SI,4630
1.21,1 SI,4695
1.06,1 SI,4696
1.2,2 VS,4696
1.06,1 SI,4697
1,1 SI,4697
1,1 SI,4697
1,1 SI,4697
1,1 SI,4697
1.01,1 SI,4698
1.07,1 SI,4698
1,1 SI,4698
1,1 SI,4698
1,1 SI,4698
1.38,1 SI,4700
1.09,1 SI,4700
1.01,1 SI,4700
1.22,1 SI,4700
1,1 SI,4701
1.01,1 SI,4701
1.01,1 SI,4701
1.06,1 SI,4701
1.06,3 VVS,4701
1.02,1 SI,4702
0.9,2 VS,4702
1.09,1 SI,4703
0.8,3 VVS,4786
1.04,1 SI,4786
0.85,2 VS,4786
1.01,1 SI,4787
1,1 SI,4787
1.1,1 SI,4788
1.01,1 SI,4789
1.01,1 SI,4789
0.74,4 F,4789
1,2 VS,4789
1.01,1 SI,4790
1.23,1 SI,4790
1.07,1 SI,4790
1.02,1 SI,4791
1.02,1 SI,4791
1.06,1 SI,4791
1.17,1 SI,4792
1.1,1 SI,4792
1.21,2 VS,4792
1.02,1 SI,4792
1.23,1 SI,4792
1.23,1 SI,4792
0.7,3 VVS,4792
1.01,1 SI,4792
0.9,2 VS,4792
1.25,1 SI,4865
1.04,1 SI,4865
1.07,1 SI,4866
1.07,1 SI,4866
0.8,3 VVS,4866
1.2,1 SI,4867
0.91,2 VS,4867
0.97,2 VS,4867
1.11,1 SI,4867
1,1 SI,4868
1,1 SI,4868
1.09,1 SI,4868
0.75,3 VVS,4868
1.28,1 SI,4869
1.3,1 SI,4869
1.1,1 SI,4870
1.35,2 VS,4871
1.23,2 VS,4871
1.23,1 SI,4871
1,1 SI,4871
1.05,1 SI,4872
1,1 SI,4872
1,1 SI,4872
1.13,2 VS,4874
0.92,2 VS,4874
0.91,3 VVS,4944
1.02,1 SI,4946
1.02,1 SI,4946
1.12,2 VS,4946
1.12,1 SI,4946
1.1,1 SI,4946
1.28,2 VS,4949
1,1 SI,4950
0.9,2 VS,4950
1.25,2 VS,4950
1.25,2 VS,4950
1.04,2 VS,4950
1,1 SI,4950
1,1 SI,4950
1.01,1 SI,4950
1.03,1 SI,4951
1.23,1 SI,4952
1.27,2 VS,4952
0.84,2 VS,4952
1.1,1 SI,4952
1.14,1 SI,4952
1.06,2 VS,4953
1.04,1 SI,4955
1.12,1 SI,4955
0.91,2 VS,4955
1,2 VS,4990
1.13,1 SI,4990
1.12,3 VVS,4990
1.01,1 SI,4990
1.01,1 SI,4990
1.11,1 SI,4991
1.07,2 VS,4991
1.51,1 SI,4991
1.03,2 VS,4992
1.08,1 SI,4994
1.2,1 SI,4994
1.26,1 SI,4995
1.06,1 SI,4996
0.92,4 F,4996
1.02,4 F,4997
1.04,1 SI,4997
1.18,1 SI,4997
1,2 VS,4997
1.13,2 VS,4999
1.01,1 SI,5000
0.9,2 VS,5000
1.01,1 SI,5000
1.1,1 SI,5002
1.1,1 SI,5002
1.12,1 SI,5002
0.9,2 VS,5002
1,1 SI,5002
1,1 SI,5002
1,1 SI,5002
1.2,1 SI,5003
1.2,1 SI,5003
1.07,1 SI,5003
1.27,2 VS,5004
1.2,1 SI,5004
1.22,1 SI,5004
0.97,1 SI,5005
1,1 SI,5005
1,1 SI,5005
1,1 SI,5005
1,1 SI,5005
1,1 SI,5005
1.23,1 SI,5006
1.08,1 SI,5006
1.01,1 SI,5007
1.09,1 SI,5007
1.08,1 SI,5008
1.12,2 VS,5008
1.03,2 VS,5080
1.03,1 SI,5081
1.03,1 SI,5082
1.25,2 VS,5082
1.12,2 VS,5082
1.05,2 VS,5082
1.01,1 SI,5083
1.01,1 SI,5083
1.01,1 SI,5083
1.01,1 SI,5083
1.01,1 SI,5083
1.01,1 SI,5083
1.01,1 SI,5083
1.21,1 SI,5083
1.21,1 SI,5084
1.08,2 VS,5085
0.81,2 VS,5085
1.02,1 SI,5086
1,1 SI,5086
1,1 SI,5086
1.21,1 SI,5087
1.01,1 SI,5089
1.01,1 SI,5089
0.93,1 SI,5089
1.01,1 SI,5090
1.18,2 VS,5183
1.03,1 SI,5183
1.03,1 SI,5183
1.03,1 SI,5183
1.06,1 SI,5184
0.87,2 VS,5184
1.14,1 SI,5184
1.37,1 SI,5184
1.05,1 SI,5184
1.58,1 SI,5185
1.22,1 SI,5185
1.04,1 SI,5186
1.16,2 VS,5187
1.31,2 VS,5188
1.1,3 VVS,5188
1.23,1 SI,5189
1.26,2 VS,5189
1.02,1 SI,5189
1.15,1 SI,5189
1.15,1 SI,5189
0.9,2 VS,5190
1.14,1 SI,5190
1.21,1 SI,5191
0.9,2 VS,5191
1.4,1 SI,5192
0.97,1 SI,5292
1.28,1 SI,5293
0.81,3 VVS,5294
1.01,1 SI,5294
1.01,1 SI,5294
1.01,1 SI,5294
1.26,2 VS,5295
1.16,1 SI,5295
1.31,1 SI,5296
1.12,1 SI,5296
0.9,3 VVS,5296
1,1 SI,5297
1.2,1 SI,5298
1.21,1 SI,5299
1.53,1 SI,5300
1.2,1 SI,5300
1.04,2 VS,5300
1.04,1 SI,5300
1.5,2 VS,5301
1.02,2 VS,5301
1.02,2 VS,5301
1.03,1 SI,5302
1.16,1 SI,5303
1.01,2 VS,5304
1.32,1 SI,5304
1.04,2 VS,5405
1.18,2 VS,5406
1.28,2 VS,5407
1.13,1 SI,5407
1.13,1 SI,5407
1.11,1 SI,5408
1.12,1 SI,5411
1.28,3 VVS,5412
1.28,1 SI,5412
1.01,1 SI,5413
1.25,1 SI,5414
1.22,1 SI,5414
1.39,1 SI,5416
1.01,1 SI,5416
1.01,1 SI,5416
1.01,1 SI,5416
1.01,1 SI,5416
1.01,1 SI,5416
1.01,2 VS,5416
1.01,2 VS,5416
1.3,1 SI,5417
1.02,1 SI,5417
1.5,1 SI,5417
0.8,4 F,5418
1.29,1 SI,5418
1,1 SI,5535
1.41,1 SI,5536
1.1,1 SI,5536
1.22,1 SI,5541
1.3,1 SI,5541
1.6,1 SI,5542
1.02,1 SI,5543
1.01,1 SI,5543
1.01,2 VS,5543
1.01,2 VS,5543
1.26,1 SI,5544
1.12,4 F,5544
1,2 VS,5544
1.4,1 SI,5544
1.4,2 VS,5544
1,2 VS,5544
1.52,1 SI,5545
1.37,1 SI,5546
1.16,4 F,5547
1.23,2 VS,5547
1.15,2 VS,5547
1.17,1 SI,5548
1.06,1 SI,5548
1.22,1 SI,5548
1.2,2 VS,5548
0.9,3 VVS,5661
0.9,2 VS,5661
0.9,2 VS,5661
1.08,1 SI,5662
1.12,1 SI,5662
1.2,2 VS,5663
1.17,1 SI,5663
1.25,3 VVS,5663
1.16,1 SI,5665
1.01,1 SI,5666
1.01,1 SI,5666
1.27,1 SI,5666
1.24,1 SI,5666
1.15,2 VS,5667
1.21,1 SI,5667
1.28,1 SI,5668
1.33,2 VS,5669
1.01,1 SI,5669
1.13,4 F,5669
1.1,2 VS,5670
1.02,1 SI,5671
0.81,3 VVS,5671
1.01,1 SI,5672
1.1,1 SI,5673
1.5,1 SI,5673
1.01,1 SI,5801
1.08,3 VVS,5801
1.16,1 SI,5802
1.34,2 VS,5802
1.06,2 VS,5803
1.11,2 VS,5803
1.44,1 SI,5804
1.35,1 SI,5806
1.5,2 VS,5806
1.01,2 VS,5807
1.2,1 SI,5807
1.2,1 SI,5807
1.2,1 SI,5809
1.63,1 SI,5809
1.1,1 SI,5810
1.25,1 SI,5810
1.01,2 VS,5810
1.03,1 SI,5811
1.28,2 VS,5812
1,1 SI,5815
1.24,1 SI,5815
1.33,2 VS,5815
1.34,1 SI,5816
1.22,1 SI,5816
1.13,1 SI,5817
1.38,1 SI,5935
1.23,2 VS,5936
0.76,3 VVS,5938
0.84,3 VVS,5938
1.07,3 VVS,5938
1.01,2 VS,5939
1.24,3 VVS,5940
1.06,1 SI,5941
1,2 VS,5941
1.35,1 SI,5943
0.81,3 VVS,5944
1.13,1 SI,5945
1.23,1 SI,5945
1.55,1 SI,5946
0.9,3 VVS,5946
1.08,1 SI,5946
1.32,1 SI,5946
1.06,1 SI,5947
1.17,1 SI,5947
0.99,1 SI,5948
1.04,1 SI,5949
1.03,1 SI,5949
1.26,2 VS,5950
1.25,2 VS,5950
1.2,1 SI,5951
1.25,2 VS,5982
1.11,2 VS,5983
1.05,2 VS,5983
1.04,1 SI,5983
1,2 VS,5985
1.01,2 VS,5986
1.23,2 VS,5987
1.23,3 VVS,5987
1.43,1 SI,5987
1.2,2 VS,5988
1.27,3 VVS,5988
1.01,2 VS,5988
1.01,2 VS,5988
1.01,1 SI,5989
1.01,1 SI,5989
1.01,1 SI,5989
1.01,1 SI,5989
1.01,1 SI,5991
1.3,4 F,5994
1.13,3 VVS,5994
1.01,3 VVS,5994
1.07,1 SI,5994
1.02,2 VS,5995
1.33,1 SI,5997
1.2,2 VS,5997
1.01,2 VS,6002
1.01,1 SI,6003
0.85,3 VVS,6003
1.3,1 SI,6003
0.82,3 VVS,6004
1.47,1 SI,6005
0.8,3 VVS,6005
1.2,2 VS,6006
1.2,1 SI,6006
1.2,1 SI,6006
1.4,1 SI,6006
1,2 VS,6006
1.22,1 SI,6007
1.23,2 VS,6007
1.52,1 SI,6009
1.01,2 VS,6010
1.12,1 SI,6012
1,1 SI,6012
1.04,2 VS,6013
1.2,1 SI,6013
1.02,3 VVS,6014
1.01,3 VVS,6015
1.21,1 SI,6016
1.2,1 SI,6017
1.26,1 SI,6017
1.04,1 SI,6152
0.85,4 F,6153
1.23,1 SI,6154
1.26,2 VS,6154
1.11,2 VS,6154
1.51,1 SI,6154
1.51,2 VS,6154
1.51,2 VS,6154
1.4,1 SI,6154
1.3,4 F,6155
1.01,1 SI,6155
1.5,1 SI,6155
1.35,3 VVS,6156
1.22,1 SI,6157
1.23,2 VS,6158
1.2,1 SI,6158
1,1 SI,6158
1,2 VS,6160
1,1 SI,6160
1.01,1 SI,6161
1.3,1 SI,6163
1.34,3 VVS,6164
1.03,2 VS,6165
1.01,2 VS,6165
1.17,1 SI,6165
1.42,1 SI,6322
1.24,1 SI,6322
1.1,1 SI,6322
1.21,1 SI,6322
1.21,2 VS,6322
1.31,1 SI,6323
1.05,2 VS,6324
0.93,3 VVS,6325
1.01,2 VS,6326
1.01,2 VS,6326
1.24,1 SI,6328
1.7,1 SI,6329
0.85,3 VVS,6332
1.4,1 SI,6333
1.01,2 VS,6333
1.01,2 VS,6333
1.02,1 SI,6333
1.29,1 SI,6334
1,2 VS,6335
1,2 VS,6336
1.04,2 VS,6337
1.15,1 SI,6337
1.29,1 SI,6337
1.2,1 SI,6338
1.3,2 VS,6339
1.28,2 VS,6507
1.27,1 SI,6507
1.45,2 VS,6508
1.02,1 SI,6508
1.31,1 SI,6508
0.95,2 VS,6509
0.95,4 F,6509
0.9,2 VS,6510
1.22,1 SI,6513
1.3,3 VVS,6516
1.29,1 SI,6516
1.05,2 VS,6517
1.4,1 SI,6517
1.4,1 SI,6517
1.63,2 VS,6517
1,3 VVS,6518
1.3,1 SI,6518
1,2 VS,6521
1,2 VS,6521
1.33,1 SI,6522
1.21,2 VS,6522
1.34,1 SI,6522
1.3,1 SI,6523
1.04,3 VVS,6523
1.2,1 SI,6524
1.4,1 SI,6694
0.9,3 VVS,6695
0.9,3 VVS,6695
1.07,1 SI,6696
1.51,1 SI,6699
1.51,1 SI,6699
1.51,2 VS,6699
1.21,2 VS,6700
1.24,1 SI,6701
1.29,3 VVS,6702
1.37,1 SI,6702
0.95,4 F,6703
1.06,2 VS,6704
1.49,1 SI,6704
1.27,2 VS,6706
1.23,2 VS,6706
0.91,3 VVS,6707
1.52,2 VS,6708
1.34,2 VS,6708
1.21,2 VS,6708
1.21,2 VS,6708
1.22,2 VS,6710
1.26,1 SI,6712
1.56,2 VS,6712
1.13,1 SI,6714
1.2,1 SI,6873
1.4,1 SI,6875
1.4,2 VS,6875
1.08,2 VS,6875
1.21,2 VS,6876
1.23,3 VVS,6876
1.6,2 VS,6877
1.4,1 SI,6877
1.29,2 VS,6880
1.38,1 SI,6881
1.35,1 SI,6883
1,2 VS,6884
0.9,3 VVS,6884
1.37,3 VVS,6886
1.51,1 SI,6886
1.27,1 SI,6887
1,2 VS,6888
1,2 VS,6888
1.11,1 SI,6891
1.51,1 SI,6892
1.22,1 SI,6893
1.5,2 VS,6894
1.32,1 SI,6894
1.26,3 VVS,6897
1.32,1 SI,6897
1.2,1 SI,6969
1.01,2 VS,6969
1.22,1 SI,6972
1.3,2 VS,6976
1.11,3 VVS,6976
1.51,1 SI,6976
1.51,1 SI,6976
1.1,3 VVS,6977
1.11,2 VS,6978
1.22,2 VS,6978
1.04,1 SI,6978
1.02,2 VS,6983
1.3,1 SI,6986
1.16,2 VS,6986
1.34,1 SI,6987
1.21,2 VS,6988
1.11,1 SI,6988
1.01,2 VS,6988
1.01,2 VS,6988
1.15,1 SI,6990
1.5,1 SI,6990
1,2 VS,6990
1.55,1 SI,6990
1.01,2 VS,6992
1.41,1 SI,6992
0.96,3 VVS,6993
0.91,3 VVS,6993
1.36,1 SI,6994
1.29,1 SI,6994
1.21,1 SI,6994
1.02,2 VS,6995
1.58,2 VS,6995
1.01,2 VS,6996
1.54,2 VS,6996
1.07,2 VS,6998
1.16,3 VVS,6999
1,2 VS,7000
1.3,1 SI,7001
1.2,2 VS,7002
1.24,1 SI,7002
1.01,2 VS,7004
0.9,3 VVS,7005
1.25,2 VS,7006
1.36,1 SI,7007
1.07,2 VS,7007
1.07,2 VS,7007
1.13,3 VVS,7007
1.3,3 VVS,7009
1.18,1 SI,7010
1.14,2 VS,7010
1.01,2 VS,7010
1.01,2 VS,7010
1.36,1 SI,7011
1,2 VS,7012
1,2 VS,7012
1.5,1 SI,7014
1.01,2 VS,7015
1.01,2 VS,7015
1,1 SI,7015
1,2 VS,7015
1.23,1 SI,7015
1.51,2 VS,7018
1.01,2 VS,7166
1.45,1 SI,7166
1.19,2 VS,7167
1.04,4 F,7167
1.52,1 SI,7170
1.59,1 SI,7171
1.2,1 SI,7172
1.42,2 VS,7172
1.51,2 VS,7172
1.16,2 VS,7172
1.4,1 SI,7174
1.33,1 SI,7174
1.17,2 VS,7174
1.25,3 VVS,7175
1.32,1 SI,7177
1.32,1 SI,7177
1.27,2 VS,7177
1.01,2 VS,7177
1.5,3 VVS,7178
1.58,2 VS,7178
1.09,2 VS,7178
1.21,1 SI,7181
1.5,1 SI,7182
1.5,1 SI,7182
1.25,3 VVS,7182
1.22,1 SI,7377
1.01,2 VS,7377
1.02,2 VS,7377
1.31,3 VVS,7378
1.25,1 SI,7381
1.25,3 VVS,7381
1.51,1 SI,7385
1.21,2 VS,7386
1.28,1 SI,7386
1.46,2 VS,7388
1.01,3 VVS,7388
1.01,3 VVS,7388
1.01,2 VS,7388
1.01,2 VS,7388
1.01,3 VVS,7388
1.01,2 VS,7388
0.95,2 VS,7388
1.3,1 SI,7389
1.77,1 SI,7390
1.13,2 VS,7390
1.13,2 VS,7390
1.13,2 VS,7390
1.18,2 VS,7391
1.05,2 VS,7392
1,2 VS,7392
1.02,2 VS,7609
0.9,3 VVS,7613
1.71,1 SI,7613
1.52,1 SI,7614
1.01,3 VVS,7615
1.79,1 SI,7620
1.55,1 SI,7620
1.32,2 VS,7623
1.55,1 SI,7623
1.01,2 VS,7623
1.78,2 VS,7626
1,2 VS,7627
1.2,2 VS,7627
1.58,1 SI,7628
1,3 VVS,7629
1.2,1 SI,7630
1.02,2 VS,7630
1.01,2 VS,7630
0.9,3 VVS,7631
1.18,2 VS,7632
1.35,1 SI,7633
1.2,3 VVS,7634
1.04,3 VVS,7635
0.95,4 F,7636
1.35,1 SI,7636
1.2,2 VS,7856
0.96,4 F,7857
1.2,2 VS,7858
1.29,3 VVS,7858
1.36,1 SI,7860
1.65,1 SI,7863
1.28,2 VS,7863
1.01,3 VVS,7865
1.14,2 VS,7865
1.5,1 SI,7866
1,2 VS,7866
1.5,1 SI,7866
1.82,1 SI,7870
1.06,2 VS,7870
1.01,2 VS,7873
1,3 VVS,7874
1.51,2 VS,7875
1.32,2 VS,7876
1.59,1 SI,7876
1.5,1 SI,7880
1.53,1 SI,7880
1.1,2 VS,7880
1.23,2 VS,7881
1.01,3 VVS,7973
1.51,1 SI,7973
1.07,2 VS,7975
1.25,1 SI,7976
1.26,2 VS,7976
1.4,3 VVS,7977
1.23,2 VS,7977
1,3 VVS,7977
1.09,4 F,7977
1.09,4 F,7977
1.01,2 VS,7979
1,2 VS,7980
1.01,2 VS,7982
1.41,1 SI,7982
1.29,1 SI,7984
1.43,1 SI,7989
1.2,2 VS,7989
1.51,2 VS,7989
1.3,1 SI,7994
1.38,2 VS,7994
1.14,2 VS,7994
1.02,2 VS,7994
1.62,2 VS,7995
1.41,1 SI,7995
1.12,2 VS,7996
1.51,1 SI,8001
1.5,2 VS,8002
1.2,3 VVS,8003
1.16,2 VS,8003
1.07,2 VS,8004
1.02,4 F,8004
1.53,1 SI,8005
1.17,2 VS,8006
1.04,2 VS,8008
1.2,2 VS,8010
1.53,1 SI,8011
1.53,1 SI,8011
1.25,2 VS,8012
1.52,1 SI,8013
1.51,1 SI,8013
1.51,1 SI,8013
1.33,2 VS,8013
1.2,2 VS,8014
1.09,2 VS,8015
0.92,3 VVS,8015
0.92,3 VVS,8015
1.09,2 VS,8016
1.51,1 SI,8016
1.28,3 VVS,8017
1.26,1 SI,8018
1.66,1 SI,8199
1.01,2 VS,8199
1.01,2 VS,8199
1.31,4 F,8199
1.36,2 VS,8200
1.01,2 VS,8204
1.17,2 VS,8205
1.11,2 VS,8205
1.5,1 SI,8208
1,2 VS,8208
1.4,1 SI,8208
1.3,3 VVS,8210
1.2,2 VS,8212
1.6,2 VS,8219
1.55,1 SI,8223
1,2 VS,8225
1.04,2 VS,8225
1.1,2 VS,8226
1.12,2 VS,8229
1.22,2 VS,8229
1.22,2 VS,8229
1.03,2 VS,8229
1.52,1 SI,8230
1.3,1 SI,8231
1.51,1 SI,8232
1.12,3 VVS,8459
1.3,2 VS,8459
1.51,2 VS,8464
1.01,2 VS,8464
1.27,1 SI,8464
1.08,2 VS,8464
1.02,2 VS,8465
1.18,3 VVS,8466
1.06,2 VS,8467
1,2 VS,8467
1.29,2 VS,8467
1.33,3 VVS,8468
1.02,2 VS,8469
1.23,2 VS,8469
1.02,2 VS,8469
1.02,2 VS,8469
1.18,4 F,8469
1.5,3 VVS,8470
1.01,2 VS,8471
1.58,2 VS,8473
1.01,2 VS,8476
1.01,2 VS,8476
1.45,1 SI,8477
1.51,1 SI,8478
1.54,2 VS,8478
1.5,2 VS,8709
1.51,1 SI,8710
1.01,2 VS,8711
1.51,1 SI,8712
1,2 VS,8712
1.23,2 VS,8713
1.4,3 VVS,8714
0.97,4 F,8714
1.55,1 SI,8716
1.13,3 VVS,8717
1.2,2 VS,8718
1.02,3 VVS,8720
1.18,2 VS,8723
2,1 SI,8723
1.3,2 VS,8723
1.5,1 SI,8723
1.25,2 VS,8724
1.51,1 SI,8725
1.07,2 VS,8729
1.55,1 SI,8730
1.09,2 VS,8730
1.01,2 VS,8731
1.11,3 VVS,8731
1.6,2 VS,8736
1.5,2 VS,8736
1.01,4 F,8959
1.24,2 VS,8961
1.52,1 SI,8962
1.04,2 VS,8962
1.22,2 VS,8964
1.01,3 VVS,8965
1.29,2 VS,8965
1.51,1 SI,8969
1.51,3 VVS,8969
1.51,2 VS,8969
1.51,1 SI,8969
1.04,2 VS,8970
1.53,1 SI,8970
1.31,3 VVS,8975
1.2,2 VS,8976
1.02,2 VS,8976
1.1,3 VVS,8978
1.58,1 SI,8979
1.01,2 VS,8982
1.01,2 VS,8982
1.01,2 VS,8982
1.5,1 SI,8983
1.76,3 VVS,8983
1.2,2 VS,8984
1.16,2 VS,8984
1.55,3 VVS,9207
1.26,1 SI,9207
1.2,2 VS,9207
1.51,1 SI,9209
1.21,2 VS,9215
1,2 VS,9216
2.02,1 SI,9217
1.5,1 SI,9217
1.63,3 VVS,9218
1.51,1 SI,9219
1.21,2 VS,9223
1.52,2 VS,9224
1.7,1 SI,9225
1.1,2 VS,9226
1.51,1 SI,9227
1.51,1 SI,9227
1.03,3 VVS,9227
1.19,3 VVS,9228
1.58,1 SI,9229
1.73,1 SI,9230
1.5,2 VS,9231
1.52,2 VS,9232
1.06,2 VS,9235
1.56,1 SI,9235
1.54,3 VVS,9239
1.2,2 VS,9462
1.34,1 SI,9464
1.46,3 VVS,9464
1.32,3 VVS,9465
1.04,3 VVS,9466
1.57,1 SI,9467
1.51,1 SI,9468
1.51,1 SI,9468
1.51,1 SI,9468
1.17,3 VVS,9468
1.7,1 SI,9469
1.15,3 VVS,9470
1.5,1 SI,9471
1.26,2 VS,9472
1.56,1 SI,9472
1.5,1 SI,9474
1,2 VS,9475
1.64,1 SI,9476
1.24,2 VS,9480
1.03,2 VS,9482
1.62,1 SI,9482
1.21,3 VVS,9483
0.83,4 F,9484
1.6,2 VS,9486
1,2 VS,9488
1.51,1 SI,9717
1.51,1 SI,9717
1.5,1 SI,9718
1.51,1 SI,9720
0.95,3 VVS,9721
1,3 VVS,9721
1.3,2 VS,9722
1.06,3 VVS,9724
1.62,1 SI,9725
1.62,1 SI,9725
1.53,1 SI,9726
1.48,1 SI,9726
1.03,3 VVS,9726
1.5,2 VS,9726
1.5,1 SI,9727
1,2 VS,9728
1.5,1 SI,9728
1.56,1 SI,9730
1.02,2 VS,9730
1.43,3 VVS,9732
1.1,2 VS,9732
1.1,3 VVS,9734
1.32,2 VS,9736
1.27,2 VS,9737
1.15,2 VS,9737
1.06,3 VVS,9969
1.51,1 SI,9973
1.57,2 VS,9973
1.14,3 VVS,9974
1.24,2 VS,9975
1.55,1 SI,9975
1.09,3 VVS,9976
1.01,4 F,9978
1.41,1 SI,9981
1.22,2 VS,9982
1.32,2 VS,9983
1.59,1 SI,9983
1.05,3 VVS,9984
2.02,1 SI,9984
1.01,2 VS,9984
0.94,3 VVS,9985
1.35,3 VVS,9988
1.3,2 VS,9993
1.3,2 VS,9993
1.3,2 VS,9993
1.51,1 SI,9994
1.51,1 SI,9996
1.73,1 SI,9996
1.7,1 SI,9998
1.55,2 VS,9999
1.54,2 VS,10000
